"","standardised_tarozzi_profit","tarozzi_treatment"
"1",5.4642336002463,0
"2",0,0
"3",0,0
"4",0.265949682398102,0
"5",-3.90059534183883,0
"6",0,0
"7",0.354599576530803,0
"8",1.29428845433743,0
"9",0,0
"10",9.57418856633168,0
"11",0.886498941327007,0
"12",1.86164777678672,0
"13",0,0
"14",2.09213750153174,0
"15",-2.65949682398102,0
"16",0,0
"17",0.992878814286248,0
"18",0,0
"19",0,0
"20",-0.354599576530803,0
"21",6.64874205995255,0
"22",0.797849047194307,0
"23",22.3397733214406,0
"24",-5.05522991266048,0
"25",8.51038983673927,0
"26",-9.92878814286248,0
"27",21.205054676542,0
"28",5.23034375382934,0
"29",7.09199153061606,0
"30",17.7299788265401,0
"31",9.39688877806628,0
"32",8.68768962500467,0
"33",8.56948940544373,0
"34",3.75875551122651,0
"35",10.9393969359753,0
"36",0,0
"37",7.09199153061606,0
"38",1.77299788265401,0
"39",-6.56009216581985,0
"40",0.354599576530803,0
"41",4.13108506658385,0
"42",0,0
"43",38.3727386521239,0
"44",6.20549258928905,0
"45",-0.177299788265401,0
"46",3.90059534183883,0
"47",109.925868724549,0
"48",28.4566160165969,0
"49",-27.3041673928718,0
"50",19.1863693260619,0
"51",2.83679661224642,0
"52",1.41839830612321,0
"53",11.8790858137819,0
"54",4.60979449490044,0
"55",22.1624735331752,0
"56",-4.34384481250234,0
"57",17.2689993770501,0
"58",-0.354599576530803,0
"59",3.19139618877723,0
"60",16.4888803086823,0
"61",-1.77299788265401,0
"62",0,0
"63",0,0
"64",-6.38279237755445,0
"65",8.59903973087197,0
"66",0,1
"67",-17.6194694614421,1
"68",10.9039369783222,1
"69",-14.7868023413345,1
"70",91.4815916445913,1
"71",-11.4759105970188,1
"72",0.585089301275825,1
"73",0,1
"74",-2.46446705688908,1
"75",6.80831186939142,1
"76",27.1268676046064,1
"77",0.886498941327007,1
"78",21.2759745918482,1
"79",-42.3309304535003,1
"80",-14.0776031882729,1
"81",24.2014210982273,1
"82",0,1
"83",-7.41113114949378,1
"84",-0.0709199153061606,1
"85",4.43249470663504,1
"86",0,1
"87",-4.78709428316584,1
"88",2.58857690867486,1
"89",24.29007099236,1
"90",-16.1748073255996,1
"91",4.50088238619571,1
"92",7.26929131888146,1
"93",12.8258173369867,1
"94",-24.3255309500131,1
"95",6.32571643314233,1
"96",-2.05076750584681,1
"97",15.8178140287829,1
"98",9.34807073577973,1
"99",16.5624233605043,1
"100",-23.9354714158292,1
"101",46.8236577420131,1
"102",13.6069081778756,1
"103",73.756711918407,1
"104",36.2779650282519,1
"105",41.1335508775731,1
"106",-19.4143268150615,1
"107",0,1
"108",-1.84391779796018,1
"109",-5.49629343622744,1
"110",10.4311371822304,1
"111",-0.137898632926392,1
"112",42.7292489719618,1
"113",7.65692196283853,1
"114",14.5385826377629,1
"115",-43.9703474898196,1
"116",1.34747839081705,1
"117",20.0348760739904,1
"118",4.43249470663504,1
"119",10.6248716133449,1
"120",5.31899364796204,1
"121",-12.4109851785781,1
"122",11.7017860255165,1
"123",3.70556557474689,1
"124",-4.06016515127769,1
"125",12.0563856020473,1
"126",25.8503091290955,1
"127",10.9974446529085,1
"128",24.29007099236,1
"129",0,1
"130",14.5385826377629,1
"131",-0.212759745918482,1
"132",10.4606875076587,1
"133",10.6379872959241,1
"134",0,1
"135",2.48219703571562,1
"136",-0.992878814286248,1
"137",2.97863644285874,1
"138",-6.20549258928905,1
"139",-1.77299788265401,1
"140",0.856625052442396,0
"141",1.34747839081705,0
"142",-0.354599576530803,0
"143",3.45734587117533,0
"144",-17.7122488477136,0
"145",7.21610138240184,0
"146",4.45022468546158,0
"147",0,0
"148",30.495563581649,0
"149",13.8293834847013,0
"150",-18.084578403071,0
"151",36.0805069120092,0
"152",-13.2974841199051,0
"153",0,0
"154",-0.354599576530803,0
"155",-1.06379872959241,0
"156",0,0
"157",0,0
"158",-2.3403572051033,0
"159",-4.43249470663504,0
"160",5.85089301275825,0
"161",28.0133665459334,0
"162",4.16654502423693,0
"163",8.86498941327007,0
"164",0.354599576530803,0
"165",21.4532743801136,0
"166",4.96439407143124,0
"167",10.6379872959241,0
"168",5.53175339388053,0
"169",0.886498941327007,0
"170",11.914545771435,0
"171",9.21958898980088,0
"172",5.49629343622744,0
"173",0,0
"174",0,0
"175",0.230489724745022,0
"176",6.11684269515635,0
"177",0.354599576530803,0
"178",0.531899364796204,0
"179",5.31899364796204,0
"180",5.31899364796204,0
"181",2.0744075227052,0
"182",3.58145572296111,0
"183",4.96439407143124,0
"184",13.2088342257724,0
"185",1.77299788265401,0
"186",-8.24444015434117,0
"187",6.38279237755445,0
"188",57.2678316097247,0
"189",-1.20563856020473,0
"190",-0.195029767091942,0
"191",7.09199153061606,0
"192",29.7863644285874,0
"193",12.4109851785781,0
"194",0,0
"195",0.265949682398102,0
"196",30.8501631581799,0
"197",14.1839830612321,0
"198",35.4599576530803,0
"199",4.64525445255352,0
"200",0.141839830612321,0
"201",1.87937775561326,0
"202",1.06379872959241,0
"203",0.886498941327007,0
"204",29.4317648520566,0
"205",10.9925868724549,0
"206",5.49629343622744,0
"207",7.97849047194307,0
"208",0,0
"209",22.8539427074102,0
"210",16.0456308380188,0
"211",9.84013824872978,0
"212",5.85089301275825,0
"213",0,0
"214",6.02819280102365,0
"215",13.8626574952579,0
"216",10.8507470418426,0
"217",-14.8931822142937,0
"218",3.72329555357343,0
"219",4.52114460076774,0
"220",16.6941126050941,0
"221",-38.3144842441533,0
"222",-0.265949682398102,0
"223",-0.177299788265401,0
"224",1.77299788265401,0
"225",-2.30489724745022,0
"226",-14.1839830612321,0
"227",28.2793162283315,0
"228",0,0
"229",25.9921489597079,0
"230",-12.4109851785781,0
"231",-0.177299788265401,0
"232",9.75148835459708,0
"233",13.4747839081705,0
"234",-1.95029767091942,0
"235",-13.6520836964359,0
"236",6.9324217211772,0
"237",2.23397733214406,0
"238",7.14518146709568,0
"239",4.43249470663504,0
"240",0.531899364796204,0
"241",19.006537302051,0
"242",13.3552883526321,0
"243",-15.9569809438861,0
"244",20.8407395391039,0
"245",28.8112155931277,0
"246",-4.78709428316584,0
"247",-1.15244862372511,0
"248",-3.58145572296111,0
"249",13.918033378834,0
"250",10.1947378252606,0
"251",0,0
"252",-1.77299788265401,0
"253",8.68768962500467,0
"254",2.65949682398102,0
"255",9.57418856633168,0
"256",8.86498941327007,0
"257",52.4302181412843,0
"258",7.97849047194307,0
"259",51.403580512333,0
"260",18.4391779796018,0
"261",-9.75148835459708,0
"262",-5.31899364796204,0
"263",-9.75148835459708,0
"264",15.2477817908245,0
"265",28.3679661224642,0
"266",27.3041673928718,0
"267",0.283679661224642,0
"268",33.6869597704263,0
"269",-2.53538697219524,0
"270",8.51038983673927,0
"271",-5.76224311862555,0
"272",40.4243517245115,0
"273",-12.7301247974558,0
"274",-5.19755454738134,0
"275",0.106379872959241,0
"276",2.23397733214406,0
"277",10.4074975711791,0
"278",-4.78709428316584,0
"279",16.6200328058663,0
"280",10.1060879311279,0
"281",70.4171734456065,0
"282",74.4668806796857,0
"283",-0.265949682398102,0
"284",5.67359322449285,0
"285",38.1194544770613,0
"286",2.37581716275638,0
"287",9.57418856633168,0
"288",-11.8790858137819,0
"289",22.1802035120017,0
"290",16.3115805204169,0
"291",36.5237563826727,0
"292",-6.02819280102365,0
"293",17.7299788265401,0
"294",15.8506010709269,0
"295",0,0
"296",11.1698866607203,0
"297",16.8966698216928,0
"298",-0.709199153061606,0
"299",-11.258536554853,0
"300",6.29414248342175,0
"301",12.2958615172327,0
"302",1.96802764974596,0
"303",9.66283846046438,0
"304",-3.72329555357343,0
"305",3.70556557474689,0
"306",3.90059534183883,0
"307",-11.1698866607203,0
"308",9.716028396944,0
"309",8.88271939209661,0
"310",2.48219703571562,0
"311",-5.01758400791086,0
"312",6.29414248342175,0
"313",13.1201843316397,0
"314",9.92878814286248,0
"315",0.886498941327007,0
"316",-5.60267330918669,0
"317",10.0528979946483,0
"318",7.00334163648336,0
"319",3.12047627347107,0
"320",1.06379872959241,0
"321",1.86164777678672,0
"322",5.40764354209474,0
"323",0,0
"324",1.41839830612321,0
"325",11.2762665336795,0
"326",11.8790858137819,0
"327",10.6379872959241,0
"328",5.76224311862555,0
"329",2.23397733214406,0
"330",-0.443249470663504,0
"331",1.50704820025591,0
"332",9.60964852398476,0
"333",-11.8790858137819,0
"334",-39.8924523597153,0
"335",8.74087956148429,0
"336",-0.443249470663504,0
"337",5.67359322449285,0
"338",21.630574168379,0
"339",10.6379872959241,0
"340",17.0207796734785,0
"341",5.85089301275825,0
"342",0.886498941327007,0
"343",24.29007099236,0
"344",1.06379872959241,0
"345",10.1060879311279,0
"346",-1.08152870841895,0
"347",8.86498941327007,0
"348",18.6164777678672,0
"349",11.258536554853,0
"350",-1.77299788265401,0
"351",26.5731087688449,0
"352",19.5029767091942,0
"353",13.1556442892928,0
"354",22.6589129403183,0
"355",4.87574417729854,0
"356",-7.41113114949378,0
"357",15.2477817908245,0
"358",7.58843093775918,0
"359",-0.886498941327007,0
"360",9.30823888393358,0
"361",2.65949682398102,0
"362",12.5882849668435,0
"363",7.76573072602458,0
"364",2.6949567816341,0
"365",1.23867016870701,0
"366",7.6416208742388,0
"367",-15.9569809438861,0
"368",21.2759745918482,0
"369",4.3261148336758,0
"370",2.83679661224642,0
"371",3.59918570178765,0
"372",1.95029767091942,0
"373",12.5882849668435,0
"374",-2.6949567816341,0
"375",0,0
"376",1.24109851785781,0
"377",3.13820625229761,0
"378",0,0
"379",-3.42188591352225,0
"380",0,0
"381",6.22322256811559,0
"382",31.9139618877723,0
"383",-0.886498941327007,0
"384",3.01409640051182,0
"385",-0.531899364796204,0
"386",3.51053580765495,0
"387",17.233539419397,0
"388",0.265949682398102,0
"389",2.30489724745022,0
"390",-8.24444015434117,0
"391",3.0495563581649,0
"392",0.531899364796204,0
"393",-2.83679661224642,0
"394",1.77299788265401,0
"395",0.531899364796204,0
"396",19.1483771326634,0
"397",0,0
"398",32.2153715278234,0
"399",-1.96920963029853,0
"400",3.19139618877723,0
"401",15.2832417484776,0
"402",0,0
"403",1.52477817908245,0
"404",4.64525445255352,0
"405",0.0244819417040529,0
"406",-16.6484501181212,0
"407",-8.22671017551463,0
"408",0.531899364796204,0
"409",-33.9174494951713,0
"410",-10.1060879311279,0
"411",0.0709199153061606,0
"412",3.28004608290993,0
"413",9.30823888393358,0
"414",0.833309004847387,0
"415",4.25519491836963,0
"416",0.975148835459708,0
"417",2.48219703571562,0
"418",4.43249470663504,0
"419",1.06379872959241,0
"420",0,0
"421",-1.06379872959241,0
"422",-0.212759745918482,0
"423",1.32974841199051,0
"424",2.83679661224642,0
"425",0,0
"426",1.77299788265401,0
"427",-0.124109851785781,0
"428",3.63464565944073,0
"429",-12.0563856020473,0
"430",0,0
"431",1.41839830612321,0
"432",-0.443249470663504,0
"433",3.54599576530803,0
"434",4.25519491836963,0
"435",14.1839830612321,0
"436",11.7904359196492,0
"437",4.00697521479807,0
"438",-2.12759745918482,0
"439",3.77648549005305,0
"440",-19.0419972597041,0
"441",7.26929131888146,0
"442",-0.886498941327007,0
"443",-1.15244862372511,0
"444",7.23383136122838,0
"445",0,0
"446",0,0
"447",5.23034375382934,0
"448",12.4109851785781,0
"449",5.31899364796204,0
"450",3.54599576530803,0
"451",2.48219703571562,0
"452",15.9569809438861,0
"453",-1.77299788265401,0
"454",-3.54599576530803,0
"455",2.65949682398102,0
"456",-8.51038983673927,0
"457",0,0
"458",0,0
"459",12.0918455597004,0
"460",0,0
"461",1.15244862372511,0
"462",16.7548299910804,0
"463",10.9925868724549,0
"464",0,0
"465",0,0
"466",0,0
"467",7.44659110714686,0
"468",-0.177299788265401,0
"469",7.88984057781037,0
"470",0,0
"471",0,0
"472",-8.10260032372885,0
"473",29.0771652755258,0
"474",-8.86498941327007,0
"475",32.002611781905,0
"476",19.5029767091942,0
"477",4.55660455842082,0
"478",30.1409640051182,0
"479",-37.9421546887959,0
"480",-4.25519491836963,0
"481",-7.62389089541226,0
"482",11.3471864489857,0
"483",10.8152870841895,0
"484",48.4215417834982,0
"485",36.6124062768054,0
"486",0,0
"487",168.080199275601,0
"488",12.2336853903127,0
"489",2.65949682398102,0
"490",0,0
"491",29.0771652755258,0
"492",33.3678201515486,1
"493",4.43249470663504,1
"494",6.20549258928905,1
"495",11.8613558349554,1
"496",7.09199153061606,1
"497",-1.95029767091942,1
"498",22.6057230038387,1
"499",27.9424466306273,1
"500",7.57070095893264,1
"501",5.67359322449285,1
"502",21.4178144224605,1
"503",8.33309004847387,1
"504",37.8425274444913,1
"505",1.77299788265401,1
"506",23.9354714158292,1
"507",59.9273284337057,1
"508",0.939688877806628,1
"509",-10.6379872959241,1
"510",2.48219703571562,1
"511",0,1
"512",-4.5034146219412,1
"513",-0.886498941327007,1
"514",-8.24444015434117,1
"515",1.77299788265401,1
"516",2.65949682398102,1
"517",-7.09199153061606,1
"518",17.9072786148055,1
"519",0,1
"520",5.85089301275825,1
"521",3.33323601938955,1
"522",6.77285191173834,1
"523",25.7084692984832,1
"524",-2.65949682398102,1
"525",2.58857690867486,1
"526",3.01409640051182,1
"527",0.496439407143124,1
"528",-17.7299788265401,1
"529",0,1
"530",0.620549258928905,1
"531",58.5089301275825,1
"532",11.3826464066388,1
"533",20.4781255446539,1
"534",11.7727059408227,1
"535",14.7158824260283,1
"536",10.7266371900568,1
"537",-6.06365275867673,1
"538",-1.73753792500093,1
"539",5.99273284337057,1
"540",-32.0912616760377,1
"541",24.4673707806254,1
"542",17.7299788265401,1
"543",15.8683310497534,1
"544",13.1024543528132,1
"545",17.8540886783259,1
"546",14.5385826377629,1
"547",7.80119068367766,1
"548",5.05304396556394,1
"549",97.8340231648485,1
"550",25.9212290444017,1
"551",-6.82604184821796,1
"552",26.6969762185764,1
"553",2.12759745918482,1
"554",17.0207796734785,1
"555",6.02819280102365,1
"556",11.5244862372511,1
"557",1.93256769209288,1
"558",-6.91469174235066,1
"559",13.8293834847013,1
"560",10.2833877193933,1
"561",11.7017860255165,1
"562",-7.44659110714686,1
"563",12.0563856020473,1
"564",13.6520836964359,1
"565",18.971077344398,1
"566",6.02819280102365,1
"567",5.54948337270707,1
"568",0,1
"569",12.375525220925,1
"570",15.0704820025591,1
"571",15.4250815790899,1
"572",-2.2517073109706,1
"573",28.4388860377704,1
"574",6.29414248342175,1
"575",0,1
"576",-0.709199153061606,1
"577",2.30489724745022,1
"578",-10.4606875076587,1
"579",13.3329440775582,1
"580",8.86498941327007,1
"581",-17.7299788265401,1
"582",0.602819280102365,1
"583",26.6836181339429,1
"584",-0.177299788265401,1
"585",3.74102553239997,1
"586",3.0495563581649,1
"587",-5.37218358444166,1
"588",7.97849047194307,1
"589",1.09925868724549,1
"590",5.67359322449285,1
"591",9.21958898980088,1
"592",9.00828690266409,1
"593",3.90059534183883,1
"594",1.64888803086823,1
"595",1.59569809438861,1
"596",0,1
"597",-15.9569809438861,1
"598",18.6752559374193,1
"599",11.914545771435,1
"600",10.8152870841895,1
"601",-5.54948337270707,1
"602",-7.09199153061606,1
"603",8.15579026020847,1
"604",5.93954290689095,1
"605",14.8931822142937,1
"606",15.9569809438861,1
"607",8.15579026020847,1
"608",3.19139618877723,1
"609",7.80119068367766,1
"610",6.91469174235066,1
"611",29.1658151696585,1
"612",3.86513538418575,1
"613",0,1
"614",-2.12759745918482,1
"615",14.1839830612321,1
"616",2.92544650637912,1
"617",0,1
"618",0.212759745918482,1
"619",-4.18427500306347,1
"620",28.3679661224642,1
"621",34.9280582882841,1
"622",2.64176684515448,1
"623",12.1627654750065,1
"624",6.59555212347293,1
"625",33.5983098762936,1
"626",-1.06379872959241,1
"627",16.6661800969477,1
"628",4.43249470663504,1
"629",19.5029767091942,1
"630",17.003049694652,1
"631",8.86498941327007,1
"632",-177.211138371269,1
"633",3.91832532066537,1
"634",3.01409640051182,1
"635",11.8436258561288,1
"636",6.82604184821796,1
"637",5.67359322449285,1
"638",3.97151525714499,1
"639",6.50690222934023,1
"640",22.517073109706,1
"641",2.2517073109706,1
"642",-0.886498941327007,1
"643",4.96439407143124,1
"644",16.6661800969477,1
"645",8.42173994260657,1
"646",6.91469174235066,1
"647",22.6766429191448,1
"648",0.886498941327007,1
"649",0.354599576530803,1
"650",-0.177299788265401,1
"651",8.86498941327007,1
"652",-2.30489724745022,1
"653",0,1
"654",18.5278278737345,1
"655",8.24444015434117,1
"656",0.177299788265401,1
"657",11.5244862372511,1
"658",-0.0886498941327007,1
"659",0.886498941327007,1
"660",14.1839830612321,1
"661",19.6802764974596,1
"662",17.7299788265401,1
"663",-13.4747839081705,1
"664",3.47507585000187,1
"665",-3.63464565944073,1
"666",57.3032915673777,1
"667",7.44659110714686,1
"668",0,0
"669",0,0
"670",1.04606875076587,0
"671",5.31899364796204,0
"672",0,0
"673",-19.5029767091942,0
"674",1.59569809438861,0
"675",1.13471864489857,0
"676",6.13457267398289,0
"677",7.09199153061606,0
"678",21.8965238507771,0
"679",-13.1024543528132,0
"680",10.1592778676075,0
"681",-0.212759745918482,0
"682",0,0
"683",-0.744659110714686,0
"684",12.801044712762,0
"685",6.11684269515635,0
"686",0,0
"687",-7.74800074719804,0
"688",-7.44659110714686,0
"689",3.81194544770613,0
"690",3.90059534183883,0
"691",3.68783559592035,0
"692",6.48917225051369,0
"693",1.66661800969477,0
"694",6.56009216581985,0
"695",-0.354599576530803,0
"696",20.2121758622558,0
"697",4.60979449490044,0
"698",6.38279237755445,0
"699",2.19851737449098,0
"700",-13.4417522996682,0
"701",2.30489724745022,0
"702",3.59918570178765,0
"703",0,0
"704",5.51402341505399,0
"705",-5.31899364796204,0
"706",1.57205523688115,0
"707",-23.4922219451657,0
"708",0,0
"709",0,0
"710",0,0
"711",0,0
"712",22.8007527709306,0
"713",-4.25519491836963,0
"714",0.194301208239099,0
"715",1.34747839081705,0
"716",2.83679661224642,0
"717",25.7616592349628,0
"718",12.2336853903127,0
"719",23.4922219451657,0
"720",53.1899364796204,0
"721",-5.72216832364912,0
"722",3.56664106169797,0
"723",-11.3471864489857,0
"724",-0.0998223022076462,0
"725",-1.06379872959241,0
"726",7.09199153061606,0
"727",42.0200498189001,0
"728",3.45734587117533,0
"729",15.2477817908245,0
"730",24.8219703571562,0
"731",5.28353369030896,0
"732",-13.4038639928644,0
"733",5.19755562953336,0
"734",82.2671017551463,0
"735",1.80845784030709,0
"736",21.5419242742463,0
"737",0,0
"738",-1.02833877193933,0
"739",-7.34021123418762,0
"740",-36.1691568061419,0
"741",-8.45719990025965,0
"742",14.7158824260283,0
"743",-10.2656577405667,0
"744",-6.24435266861407,0
"745",9.61674094837619,0
"746",22.9071326438899,0
"747",19.2936170849476,0
"748",14.0953331670994,0
"749",0,0
"750",2.74814671811372,0
"751",-0.886498941327007,0
"752",6.48917225051369,0
"753",10.9925868724549,0
"754",31.5593623112415,0
"755",2.00373055052932,0
"756",0,0
"757",2.39354714158292,0
"758",30.5487535181287,0
"759",40.7257613645627,0
"760",3.26231610408339,0
"761",12.0563856020473,0
"762",48.58014198472,0
"763",7.21610138240184,0
"764",1.77299788265401,0
"765",18.0491184454179,0
"766",0,0
"767",19.5029767091942,0
"768",12.9606145222008,0
"769",3.13820625229761,0
"770",20.0348760739904,0
"771",-8.79406949796391,0
"772",2.65949682398102,0
"773",19.7689263915923,0
"774",1.59569809438861,0
"775",13.2974841199051,0
"776",41.6654502423693,0
"777",5.31899364796204,1
"778",14.1839830612321,1
"779",8.86498941327007,1
"780",14.1839830612321,1
"781",8.86498941327007,1
"782",-8.24444015434117,1
"783",0,1
"784",4.25519491836963,1
"785",1.17017860255165,1
"786",4.25519491836963,1
"787",0,1
"788",3.90059534183883,1
"789",8.15579026020847,1
"790",1.77299788265401,1
"791",-3.68783559592035,1
"792",-5.85089301275825,1
"793",0,1
"794",0,1
"795",-16.8434798852131,1
"796",13.8293834847013,1
"797",0,1
"798",1.06379872959241,1
"799",-13.2974841199051,1
"800",7.97849047194307,1
"801",0,1
"802",4.78709428316584,1
"803",2.23397733214406,1
"804",8.51038983673927,1
"805",10.6379872959241,1
"806",8.51038983673927,1
"807",-4.60979449490044,1
"808",0.124109851785781,1
"809",-1.41839830612321,1
"810",-2.65949682398102,1
"811",2.12759745918482,1
"812",-7.97849047194307,1
"813",-14.3612828494975,1
"814",-19.1483771326634,1
"815",0.886498941327007,1
"816",2.65949682398102,1
"817",1.41839830612321,1
"818",6.91469174235066,1
"819",18.6164777678672,1
"820",-1.06379872959241,1
"821",-1.06379872959241,1
"822",-1.06379872959241,1
"823",0,1
"824",0.709199153061606,1
"825",1.95029767091942,1
"826",0,1
"827",2.48219703571562,1
"828",17.3399192923563,1
"829",39.3610377990277,1
"830",315.114913684098,1
"831",71.097215094426,1
"832",56.0267330918669,1
"833",2.1630574168379,1
"834",12.4109851785781,1
"835",3.59918570178765,1
"836",15.4250815790899,1
"837",16.3115805204169,1
"838",0.531899364796204,1
"839",6.36506239872791,1
"840",-96.2490080752802,1
"841",38.1194544770613,1
"842",7.32248125536108,1
"843",1.32974841199051,1
"844",9.96424810051556,1
"845",1.68434798852131,1
"846",6.11684269515635,1
"847",0.620549258928905,1
"848",-6.82604184821796,1
"849",0.886498941327007,1
"850",-1.13471864489857,1
"851",-2.65949682398102,1
"852",154.818175113349,1
"853",22.0029037237363,1
"854",19.5029767091942,1
"855",-34.1656691987429,1
"856",11.1698866607203,1
"857",24.0418512887884,1
"858",33.2437102997628,1
"859",14.6981524472018,1
"860",0,1
"861",4.96439407143124,1
"862",26.2403686632794,1
"863",79.6076049311653,1
"864",682.214125287612,1
"865",67.551219329118,1
"866",-98.4395175247641,1
"867",39.6442326561438,0
"868",5.83316303393171,0
"869",10.8684770206691,0
"870",20.0703360316434,0
"871",18.315068127816,0
"872",0,0
"873",25.407059658432,0
"874",-2.88998654872604,0
"875",0.265949682398102,0
"876",51.7006182581911,0
"877",11.5776761737307,0
"878",9.67862489424865,0
"879",5.85089301275825,0
"880",4.60979449490044,0
"881",38.5627039477248,0
"882",-3.54599576530803,0
"883",35.9032071237438,0
"884",10.6379872959241,0
"885",12.375525220925,0
"886",24.8751602936358,0
"887",24.3964508653192,0
"888",0.992878814286248,0
"889",23.3326521357268,0
"890",9.21958898980088,0
"891",5.31899364796204,0
"892",-5.58494333036015,0
"893",0,0
"894",18.7937775561326,0
"895",0,0
"896",0,0
"897",-24.8219703571562,0
"898",15.0704820025591,0
"899",0,0
"900",-13.0847243739866,0
"901",3.36869597704263,0
"902",35.9032071237438,0
"903",-10.7443671688833,0
"904",26.6836181339429,0
"905",-4.52114460076774,0
"906",39.8924523597153,0
"907",9.57418856633168,0
"908",1.77299788265401,0
"909",0,0
"910",0,0
"911",0,0
"912",-15.4250815790899,0
"913",40.0697521479807,0
"914",35.6195274625192,0
"915",4.55660455842082,0
"916",-14.1839830612321,0
"917",0.354599576530803,0
"918",0,0
"919",14.113063145926,0
"920",19.5029767091942,0
"921",1.77299788265401,0
"922",-5.17715381734972,1
"923",4.21973496071656,1
"924",53.3672362678858,1
"925",20.2121758622558,1
"926",22.1092835966956,1
"927",6.20549258928905,1
"928",14.1839830612321,1
"929",11.7017860255165,1
"930",3.06728633699145,1
"931",-0.833309004847387,1
"932",-21.3940114064529,1
"933",11.4712963007715,1
"934",4.43249470663504,1
"935",55.6138444785006,1
"936",4.16654502423693,1
"937",-15.9569809438861,1
"938",-8.51038983673927,1
"939",9.39688877806628,1
"940",2.48219703571562,1
"941",10.5138774441383,1
"942",4.3261148336758,1
"943",1.77299788265401,1
"944",0.354599576530803,1
"945",55.3175339388053,1
"946",-2.65949682398102,1
"947",1.06379872959241,1
"948",-2.55311695102178,1
"949",4.60979449490044,1
"950",3.38642595586917,1
"951",4.52114460076774,1
"952",25.8857690867486,1
"953",-7.60616091658572,1
"954",13.2974841199051,1
"955",55.3175339388053,1
"956",56.2284116010188,1
"957",-0.0177299788265401,1
"958",26.1517187691467,1
"959",2.57084692984832,1
"960",6.63101208112601,1
"961",-16.2583905839373,1
"962",2.05667754387866,1
"963",8.33309004847387,1
"964",1.59569809438861,1
"965",-10.4606875076587,1
"966",15.6023813673553,1
"967",20.2476358199088,1
"968",32.0912616760377,1
"969",24.6092106112377,1
"970",4.2374649395431,1
"971",6.9324217211772,1
"972",0,0
"973",0,0
"974",-1.17017860255165,0
"975",4.53887457959428,0
"976",18.6164777678672,0
"977",18.8646974714387,0
"978",5.88635297041133,0
"979",11.9854656867411,0
"980",4.96439407143124,0
"981",11.8790858137819,0
"982",2.85452659107296,0
"983",23.3681120933799,0
"984",0,0
"985",40.1584020421134,0
"986",5.49629343622744,0
"987",0,0
"988",2.30489724745022,0
"989",30.3182637933837,0
"990",1.17017860255165,0
"991",26.063068875014,0
"992",34.2897790505286,0
"993",26.4708583880244,0
"994",7.09199153061606,0
"995",-5.93954290689095,0
"996",23.403572051033,0
"997",-16.4888803086823,0
"998",13.1708420323738,0
"999",2.12759745918482,0
"1000",32.6763509773135,0
"1001",7.42886112832032,0
"1002",0,0
"1003",28.3679661224642,0
"1004",14.3258228918444,0
"1005",-75.3524100127956,0
"1006",0.975148835459708,0
"1007",0.230489724745022,0
"1008",12.3577952420985,0
"1009",25.3184097642993,0
"1010",5.53175339388053,0
"1011",2.12759745918482,0
"1012",23.1198923898083,0
"1013",16.6661800969477,0
"1014",3.19139618877723,0
"1015",4.57579111387703,0
"1016",17.428569186489,0
"1017",107.310090842499,0
"1018",-10.1947378252606,0
"1019",-9.99970805816864,0
"1020",0,0
"1021",0,0
"1022",5.53175339388053,0
"1023",47.0199038479845,0
"1024",13.6520836964359,0
"1025",132.762081453133,0
"1026",0,0
"1027",1.17017860255165,0
"1028",70.5458889364234,0
"1029",0,0
"1030",267.722680280756,0
"1031",3.33639373900721,0
"1032",8.8819921859338,0
"1033",53.6326968175673,0
"1034",109.555963189734,0
"1035",14.1839830612321,0
"1036",0,0
"1037",1.77299788265401,0
"1038",-428.550591010139,0
"1039",0,0
"1040",-0.531899364796204,0
"1041",0,0
"1042",0,0
"1043",0,0
"1044",0,0
"1045",0,0
"1046",-14.3493813414937,0
"1047",62.9414248342175,0
"1048",20.3894756505212,0
"1049",-8.26775620193618,0
"1050",42.5519491836964,0
"1051",92.727789262805,0
"1052",117.017860255165,0
"1053",3.54599576530803,0
"1054",11.5244862372511,0
"1055",0,0
"1056",-28.3679661224642,0
"1057",3.36869597704263,0
"1058",5.35445360561512,0
"1059",31.9139618877723,0
"1060",5.37218358444166,0
"1061",19.5029767091942,0
"1062",4.46795466428812,0
"1063",0,0
"1064",2.44673707806254,0
"1065",58.3102556724603,0
"1066",12.359981189195,0
"1067",102.915480114059,0
"1068",26.2476580393399,0
"1069",-44.069390372029,0
"1070",1.89929368153633,0
"1071",279.510449777808,0
"1072",-76.3943492714227,0
"1073",-1.39605403104933,0
"1074",-223.279544898517,0
"1075",65.353671562844,0
"1076",7.97849047194307,0
"1077",7.12026275234722,0
"1078",-3.67010561709381,0
"1079",43.4384481250234,0
"1080",15.7352350075272,0
"1081",-8.65805813817433,0
"1082",7.09199153061606,0
"1083",5.71488273512069,0
"1084",8.20533550865783,0
"1085",-29.573604682669,1
"1086",19.1838370903164,1
"1087",-1.73753792500093,1
"1088",1.31201843316397,1
"1089",23.1021624109818,1
"1090",-2.18078739566444,1
"1091",-40.3888917668584,1
"1092",200.277840824597,1
"1093",32.3749413372623,1
"1094",5.40764354209474,1
"1095",25.2652198278197,1
"1096",29.0948952543524,1
"1097",3.29777606173647,1
"1098",-18.6164777678672,1
"1099",-0.496439407143124,1
"1100",42.5519491836964,1
"1101",46.2752447372698,1
"1102",0.141839830612321,1
"1103",0,1
"1104",4.96439407143124,1
"1105",14.1839830612321,1
"1106",16.5066102875089,1
"1107",-7.93057927305597,1
"1108",-0.670192983212812,1
"1109",17.6235989535809,1
"1110",8.45719990025965,1
"1111",5.58494333036015,1
"1112",20.2830957775619,1
"1113",20.6908852905723,1
"1114",9.34369884158666,1
"1115",51.3105587240072,1
"1116",0.549629343622745,1
"1117",34.8216784153248,1
"1118",-4.6719219249792,1
"1119",10.8152870841895,1
"1120",-10.0174380369952,1
"1121",259.65553991468,1
"1122",26.5240483245041,1
"1123",40.7789513010423,1
"1124",-18.4037180219487,1
"1125",7.39340117066724,1
"1126",3.01409640051182,1
"1127",81.5579026020847,1
"1128",10.3543076346994,1
"1129",-14.4853927012833,1
"1130",-10.7798271265364,1
"1131",-5.31899364796204,1
"1132",-18.6164777678672,1
"1133",-6.31187246224829,1
"1134",2.02121758622558,1
"1135",35.7259073354784,1
"1136",27.5878470540965,1
"1137",4.07789513010423,1
"1138",45.5660455842082,1
"1139",-4.36157479132888,1
"1140",7.65935085306534,1
"1141",8.06714036607577,1
"1142",14.0066832729667,1
"1143",9.87112891850727,1
"1144",28.3679661224642,1
"1145",-13.1733742681193,1
"1146",-3.61691568061419,1
"1147",-2.65949682398102,1
"1148",-204.089786272304,1
"1149",-16.1342807321515,1
"1150",1.57796811556207,1
"1151",3.52826578648149,1
"1152",10.8507470418426,1
"1153",-0.336869597704263,1
"1154",9.11320911684163,1
"1155",3.54599576530803,1
"1156",2.49992701454216,1
"1157",-3.61691568061419,1
"1158",-4.39703474898196,1
"1159",-8.86498941327007,1
"1160",-24.8219703571562,1
"1161",21.2582446130216,1
"1162",9.75148835459708,1
"1163",44.7150066005342,1
"1164",29.4672248097097,1
"1165",1.02833877193933,1
"1166",20.6731553117458,1
"1167",25.0347301030747,1
"1168",18.971077344398,1
"1169",-14.999562087253,1
"1170",-12.7123948186293,1
"1171",52.4630073477323,1
"1172",5.35445360561512,1
"1173",7.48205106479994,1
"1174",54.1118953786005,1
"1175",-2.48219703571562,1
"1176",11.7904359196492,1
"1177",0.177299788265401,1
"1178",-2.03894756505212,1
"1179",10.0174380369952,1
"1180",11.3294564701592,1
"1181",-6.11684269515635,1
"1182",0,1
"1183",22.4106932367467,1
"1184",9.8046782910767,1
"1185",3.19139618877723,1
"1186",30.3714537298633,1
"1187",12.8896946068947,1
"1188",11.8081658984757,1
"1189",8.58130975204543,1
"1190",-9.91105816403594,1
"1191",-16.3914866261635,1
"1192",-0.128967361701408,1
"1193",35.8677471660907,1
"1194",1.45385826377629,1
"1195",0,1
"1196",-3.65237563826727,1
"1197",18.1909582760302,1
"1198",-10.265706437408,1
"1199",-0.0709199153061606,1
"1200",0,1
"1201",0,1
"1202",1.52477817908245,1
"1203",19.3965968362349,1
"1204",24.8928902724624,1
"1205",13.2974841199051,1
"1206",3.43961589234879,1
"1207",-4.39703474898196,1
"1208",53.4558861620185,1
"1209",39.981102253848,1
"1210",4.92893411377816,1
"1211",15.6023813673553,1
"1212",20.0703360316434,1
"1213",-16.0988207744985,1
"1214",33.6160398551201,1
"1215",-467.433161782904,1
"1216",4.25519491836963,1
"1217",18.2618781913364,1
"1218",-22.2333934484813,1
"1219",17.1094295676112,1
"1220",25.7084692984832,1
"1221",0,1
"1222",28.6339158048623,1
"1223",3.67010561709381,1
"1224",25.9212290444017,1
"1225",12.1982254326596,1
"1226",53.3672362678858,1
"1227",-11.5244862372511,1
"1228",7.16291144592222,1
"1229",0.886498941327007,1
"1230",-0.106379872959241,1
"1231",25.3538697219524,1
"1232",16.4888803086823,1
"1233",-15.2832417484776,1
"1234",27.5523870964434,1
"1235",26.063068875014,1
"1236",9.1841290321478,1
"1237",6.73739195408526,1
"1238",5.53175339388053,1
"1239",1.79072786148055,1
"1240",13.4038639928644,1
"1241",9.66283846046438,1
"1242",39.1832532066537,1
"1243",37.2684154933874,1
"1244",56.9664219696735,1
"1245",2.99636642168528,1
"1246",2.49992701454216,1
"1247",22.8716726862368,1
"1248",1.77299788265401,1
"1249",-9.75148835459708,1
"1250",37.0556557474689,1
"1251",15.9569809438861,1
"1252",0,1
"1253",24.9283502301154,1
"1254",8.33309004847387,1
"1255",27.836066757668,1
"1256",13.6343537176094,1
"1257",14.7158824260283,1
"1258",-17.6413289324074,1
"1259",7.94303051428999,1
"1260",-27.5523524675785,1
"1261",0,1
"1262",-11.4181063642919,1
"1263",3.65237563826727,1
"1264",35.4599576530803,1
"1265",0.372329555357343,1
"1266",-1.00142808584535,1
"1267",47.7113730222195,1
"1268",7.80119068367766,1
"1269",4.78709428316584,1
"1270",24.8219703571562,1
"1271",58.2607104240109,1
"1272",-0.0354599576530803,1
"1273",23.403572051033,1
"1274",6.73739195408526,1
"1275",11.6308661102103,1
"1276",-8.10260032372885,1
"1277",0,1
"1278",14.1839830612321,1
"1279",-3.36869597704263,1
"1280",1.75526790382747,1
"1281",-16.0810907956719,1
"1282",15.655571303835,1
"1283",-9.57418856633168,1
"1284",3.72329555357343,1
"1285",20.744075227052,1
"1286",31.913914273083,1
"1287",34.8216784153248,1
"1288",-6.02819280102365,1
"1289",-70.2616725277928,1
"1290",-95.1152157525176,1
"1291",40.2470519362461,1
"1292",2.65949682398102,1
"1293",0,1
"1294",8.51038983673927,1
"1295",10.4961474653118,1
"1296",3.19139618877723,1
"1297",-32.2685614643031,1
"1298",1.03975331153054,1
"1299",7.44659110714686,1
"1300",7.88984057781037,1
"1301",131.911042469459,1
"1302",-9.39688877806628,1
"1303",-27.836066757668,1
"1304",-8.51038983673927,1
"1305",50.9212263959861,1
"1306",14.5385826377629,1
"1307",5.40764354209474,1
"1308",20.3894756505212,1
"1309",33.9104068497732,1
"1310",-13.1911042469459,1
"1311",22.4461531943998,1
"1312",0,1
"1313",0,1
"1314",8.86498941327007,1
"1315",0,1
"1316",0,1
"1317",0.0531899364796204,1
"1318",0.886498941327007,1
"1319",21.2759745918482,1
"1320",0,1
"1321",14.5385826377629,1
"1322",-2.65949682398102,1
"1323",1.28097798439319,1
"1324",13.5013550690657,1
"1325",23.3503821145534,1
"1326",-18.2116511871094,1
"1327",0,1
"1328",6.38279237755445,1
"1329",-44.2984732991377,1
"1330",1.68434798852131,1
"1331",10.827950427221,1
"1332",-4.89881782283928,1
"1333",14.113063145926,1
"1334",0.390059534183883,1
"1335",2.6949567816341,1
"1336",-11.7017860255165,1
"1337",-3.67010561709381,1
"1338",62.1055835936246,1
"1339",7.09199153061606,1
"1340",6.36044810248058,1
"1341",45.1937160288508,1
"1342",8.56357977321889,1
"1343",3.72329555357343,1
"1344",2.78676439538447,1
"1345",-4.02251924652808,1
"1346",-0.0759843867971401,1
"1347",-6.38279237755445,1
"1348",26.3923396011778,1
"1349",18.084578403071,1
"1350",19.9905273195794,1
"1351",0.886498941327007,1
"1352",0,1
"1353",0,1
"1354",0,1
"1355",0,1
"1356",17.9072786148055,1
"1357",-21.2759745918482,1
"1358",1.68434798852131,1
"1359",5.7199829176286,1
"1360",2.12759745918482,1
"1361",0,1
"1362",-8.51038983673927,1
"1363",-1.77299788265401,1
"1364",49.1829612648224,1
"1365",1.00162260267238,1
"1366",9.21958898980088,1
"1367",28.6671422007296,1
"1368",-11.0635554846023,1
"1369",0,1
"1370",-0.531899364796204,1
"1371",0,1
"1372",0,1
"1373",-5.31899364796204,1
"1374",38.7621056090098,1
"1375",68.8809677411085,1
"1376",-6.80634235270048,1
"1377",30.229613899251,1
"1378",-2.48219703571562,1
"1379",-34.4848088176206,1
"1380",-23.6695217334311,1
"1381",38.0308045829286,1
"1382",-14.2726329553648,1
"1383",4.87574417729854,1
"1384",0.354599576530803,1
"1385",0,1
"1386",0,1
"1387",-2.83679661224642,1
"1388",-7.65935085306534,1
"1389",13.2088342257724,1
"1390",40.7789513010423,1
"1391",2.65949682398102,1
"1392",4.43249470663504,1
"1393",1.68434798852131,1
"1394",-7.53524100127956,1
"1395",-6.64874205995255,1
"1396",11.0812367665876,1
"1397",14.8931822142937,1
"1398",7.09199153061606,1
"1399",10.3874041723234,1
"1400",7.97849047194307,1
"1401",5.58494333036015,1
"1402",10.0174380369952,1
"1403",14.0953331670994,1
"1404",-24.7719381402942,1
"1405",10.8152870841895,1
"1406",15.0704820025591,1
"1407",-4.78709428316584,1
"1408",30.1409640051182,1
"1409",0,1
"1410",-4.43249470663504,1
"1411",-2.30489724745022,1
"1412",-23.2262722627676,1
"1413",25.637549383177,1
"1414",4.52114460076774,1
"1415",-87.598146248092,1
"1416",11.2053466183734,1
"1417",0,1
"1418",0,1
"1419",4.60979449490044,1
"1420",27.836066757668,1
"1421",210.049587065158,1
"1422",1.15244862372511,1
"1423",30.8248321435087,1
"1424",16.8434798852131,1
"1425",16.3115805204169,1
"1426",35.1053580765495,1
"1427",77.1963278107558,1
"1428",35.4599576530803,1
"1429",-10.372037613526,1
"1430",8.86498941327007,1
"1431",7.26929131888146,1
"1432",57.5160513132962,1
"1433",99.6424810051556,1
"1434",11.5230274963174,1
"1435",45.7610753513001,1
"1436",9.57418856633168,1
"1437",27.8892566941477,1
"1438",24.9283502301154,1
"1439",2.05667754387866,1
"1440",-21.1695947188889,1
"1441",1.80845784030709,1
"1442",-4.07789513010423,1
"1443",-0.230489724745022,1
"1444",2.81906663341988,1
"1445",7.80119068367766,1
"1446",46.4525445255352,1
"1447",49.6439407143124,0
"1448",266.72980146647,0
"1449",38.6513538418575,0
"1450",23.2262722627676,0
"1451",-6.56009216581985,0
"1452",98.8091720003082,0
"1453",30.8501631581799,0
"1454",22.7830227921041,0
"1455",64.7144227168715,0
"1456",0,0
"1457",17.9959285089382,0
"1458",0,0
"1459",0,0
"1460",18.971077344398,0
"1461",58.5089301275825,0
"1462",140.953331670994,0
"1463",23.2617322204207,0
"1464",32.8004608290993,0
"1465",147.690723625079,0
"1466",0.354599576530803,0
"1467",0,0
"1468",112.408065760265,0
"1469",43.1547684637987,0
"1470",82.2671017551463,0
"1471",7.00334163648336,0
"1472",12.2336853903127,0
"1473",8.24444015434117,0
"1474",27.836066757668,0
"1475",25.176569933687,0
"1476",29.6267946191486,1
"1477",19.857576285725,1
"1478",116.131361313838,1
"1479",16.8434798852131,1
"1480",77.1254078954496,1
"1481",8.86498941327007,1
"1482",-21.2759745918482,1
"1483",37.9421546887959,1
"1484",12.0563856020473,1
"1485",48.4028421964546,1
"1486",-14.1839830612321,1
"1487",17.5526790382747,1
"1488",16.6661800969477,1
"1489",376.90388989459,1
"1490",1.20563856020473,1
"1491",473.390434668622,1
"1492",33.2437102997628,1
"1493",7.71837142467176,1
"1494",-14.7215182737901,1
"1495",-6.72573501243978,1
"1496",-12.5662317906652,1
"1497",124.109851785781,1
"1498",35.9918570178765,1
"1499",24.8219703571562,1
"1500",40.8853311740016,1
"1501",8.86498941327007,1
"1502",111.964816289601,1
"1503",60.1932781161038,1
"1504",-73.5794121301416,1
"1505",17.7299788265401,1
"1506",189.001574290918,1
"1507",116.180915219504,1
"1508",-2.39354714158292,1
"1509",0,1
"1510",-22.6674143266502,1
"1511",9.04228920153547,1
"1512",25.2652198278197,1
"1513",7.09199153061606,1
"1514",0.0709199153061606,1
"1515",0,1
"1516",22.517073109706,1
"1517",-0.425519491836963,1
"1518",5.31899364796204,1
"1519",0,1
"1520",35.0344381612433,1
"1521",30.2828038357306,1
"1522",2.83679661224642,1
"1523",22.1624735331752,1
"1524",37.2329555357343,1
"1525",21.8078739566444,1
"1526",10.6379872959241,1
"1527",2.04064762588808,1
"1528",5.81543305510517,1
"1529",39.1832532066537,1
"1530",0.265949682398102,1
"1531",6.20549258928905,1
"1532",16.0988207744985,1
"1533",19.6802764974596,1
"1534",45.9738350972186,1
"1535",4.11335508775731,1
"1536",15.5314614520492,1
"1537",14.1839830612321,1
"1538",-3.90059534183883,1
"1539",19.9462261798577,1
"1540",29.3549363866777,1
"1541",39.0059534183883,1
"1542",61.5939464434005,1
"1543",8.65222966735159,1
"1544",-11.9440950147112,1
"1545",25.7675699493397,1
"1546",88.6498941327007,1
"1547",7.09199153061606,1
"1548",78.5438062015728,1
"1549",-16.6661800969477,0
"1550",31.5948222688945,0
"1551",0,0
"1552",44.5908967487485,0
"1553",41.4881504541039,0
"1554",-3.72329555357343,0
"1555",-16.9321297793458,0
"1556",54.8742844681418,0
"1557",-3.54599576530803,0
"1558",6.91469174235066,0
"1559",37.7648549005305,0
"1560",45.6724254571674,0
"1561",5.95727288571749,0
"1562",31.2047627347107,0
"1563",12.6769348609762,0
"1564",10.1060879311279,0
"1565",9.39688877806628,0
"1566",15.9569809438861,0
"1567",29.1559654218998,0
"1568",16.9321297793458,0
"1569",11.4358363431184,0
"1570",59.3954290689095,0
"1571",17.8008987418463,0
"1572",26.7722680280756,0
"1573",17.5526790382747,0
"1574",-5.76224311862555,0
"1575",20.2121758622558,0
"1576",35.5663375260395,0
"1577",11.7017860255165,0
"1578",8.15579026020847,0
"1579",14.0066832729667,0
"1580",96.273785028113,0
"1581",8.86498941327007,0
"1582",24.9283502301154,0
"1583",8.86498941327007,0
"1584",87.7633951913737,0
"1585",-33.6869597704263,0
"1586",25.2474898489932,0
"1587",20.1235259681231,0
"1588",12.0563856020473,0
"1589",-3.13820625229761,0
"1590",0,0
"1591",3.19139618877723,0
"1592",14.0066832729667,0
"1593",1.77299788265401,0
"1594",12.7655847551089,0
"1595",-0.726929131888146,0
"1596",10.4606875076587,0
"1597",-0.177299788265401,0
"1598",-4.10218295022038,0
"1599",84.2173994260657,0
"1600",-2.09213750153174,0
"1601",9.15457978887158,0
"1602",10.6379872959241,0
"1603",-6.02819280102365,0
"1604",-0.531899364796204,0
"1605",-29.7863644285874,0
"1606",-1.68434798852131,0
"1607",-52.8353369030896,0
"1608",1.77299788265401,0
"1609",42.5519491836964,0
"1610",51.2888897117988,0
"1611",48.0876416109587,0
"1612",-7.09199153061606,0
"1613",24.8574303148093,0
"1614",7.97849047194307,0
"1615",5.67359322449285,0
"1616",-0.0886498941327007,0
"1617",-16.3115805204169,0
"1618",0.886498941327007,0
"1619",-7.09199153061606,0
"1620",-10.1060879311279,0
"1621",0,0
"1622",13.2974841199051,0
"1623",12.5882849668435,0
"1624",-10.0174380369952,0
"1625",10.7089072112302,0
"1626",3.27446001414146,0
"1627",-0.124109851785781,0
"1628",7.53524100127956,0
"1629",-0.620549258928905,0
"1630",-72.3383136122838,0
"1631",-9.20185901097434,0
"1632",9.84013824872978,0
"1633",0,0
"1634",-1.13668856739652,0
"1635",24.8219703571562,0
"1636",4.60979449490044,0
"1637",-5.85089301275825,0
"1638",17.7299788265401,1
"1639",-22.1624735331752,1
"1640",8.15579026020847,1
"1641",-2.48219703571562,1
"1642",0,1
"1643",35.1053580765495,1
"1644",-121.521274877106,1
"1645",6.04592277985019,1
"1646",10.3188476770464,1
"1647",-4.858014198472,1
"1648",29.5913346614955,1
"1649",62.8882348977379,1
"1650",-4.43249470663504,1
"1651",0,1
"1652",14.1839830612321,1
"1653",12.4109851785781,1
"1654",7.09199153061606,1
"1655",0.514169385969664,1
"1656",-12.4109851785781,1
"1657",18.4391779796018,1
"1658",17.1980794617439,1
"1659",0,1
"1660",5.31899364796204,1
"1661",9.75148835459708,1
"1662",0,1
"1663",-1.06379872959241,1
"1664",4.55660455842082,1
"1665",12.5882849668435,1
"1666",10.6202573170975,1
"1667",-11.5244862372511,1
"1668",0,1
"1669",-4.69844438903314,1
"1670",-0.531899364796204,1
"1671",-4.06016515127769,1
"1672",4.07789513010423,1
"1673",-0.709199153061606,1
"1674",57.0196119061531,1
"1675",8.15579026020847,1
"1676",29.8750143227201,1
"1677",10.9925868724549,1
"1678",9.75148835459708,1
"1679",11.3471864489857,1
"1680",9.39688877806628,1
"1681",7.97849047194307,1
"1682",21.9851737449098,1
"1683",16.6661800969477,1
"1684",32.4458612525685,1
"1685",35.2471979071618,1
"1686",0.0816067076585469,1
"1687",2.83679661224642,1
"1688",0,1
"1689",-8.65222966735159,1
"1690",20.744075227052,1
"1691",-143.311418854924,1
"1692",2.71268676046064,1
"1693",18.9225017041657,1
"1694",5.67359322449285,1
"1695",9.57418856633168,1
"1696",7.09199153061606,1
"1697",3.66419571433097,1
"1698",0,1
"1699",3.19139618877723,1
"1700",28.3679661224642,1
"1701",27.9981688028524,1
"1702",26.4176684515448,1
"1703",3.90059534183883,1
"1704",23.403572051033,1
"1705",8.06714036607577,1
"1706",-18.6164777678672,1
"1707",11.5244862372511,1
"1708",33.9883694104775,1
"1709",-1.68434798852131,1
"1710",-0.975148835459708,1
"1711",-1.06379872959241,1
"1712",-199.728211480975,1
"1713",-1.68434798852131,1
"1714",0,1
"1715",-7.62389089541226,1
"1716",3.45734587117533,1
"1717",1.41839830612321,1
"1718",-1.84391779796018,1
"1719",30.7437832852206,1
"1720",-16.8434798852131,0
"1721",-13.2974841199051,0
"1722",0,0
"1723",6.02819280102365,0
"1724",3.19625396923086,0
"1725",13.0138044586805,0
"1726",15.9569809438861,0
"1727",18.084578403071,0
"1728",438.60421621095,0
"1729",-52.126137750028,0
"1730",-99.6070210475025,0
"1731",-6.38279237755445,0
"1732",-0.319139618877723,0
"1733",0,0
"1734",33.6869597704263,0
"1735",62.9414248342175,0
"1736",22.3575033002671,0
"1737",7.09199153061606,0
"1738",1.70207796734785,0
"1739",29.3963048944036,0
"1740",24.29007099236,0
"1741",29.0771652755258,0
"1742",13.6520836964359,0
"1743",-16.9321297793458,0
"1744",-1.59569809438861,0
"1745",56.5763624354896,0
"1746",27.4814671811372,0
"1747",3.54599576530803,0
"1748",-2.48219703571562,1
"1749",23.9911935880543,1
"1750",-30.9388130523126,1
"1751",82.4444015434117,1
"1752",0,1
"1753",4.07546678095343,1
"1754",-15.4250815790899,1
"1755",0,1
"1756",16.1342807321515,1
"1757",-6.17003263163597,1
"1758",0,1
"1759",-3.08501631581799,1
"1760",9.8933281852094,1
"1761",27.836066757668,1
"1762",2.12759745918482,1
"1763",-4.25519491836963,1
"1764",5.31899364796204,1
"1765",3.54599576530803,1
"1766",-7.80119068367766,1
"1767",48.9347415612508,1
"1768",0,1
"1769",3.72329555357343,1
"1770",0,1
"1771",0.709199153061606,1
"1772",-17.1094295676112,1
"1773",-1.24109851785781,1
"1774",0.531899364796204,1
"1775",0,1
"1776",0,1
"1777",7.09199153061606,1
"1778",19.201567069143,1
"1779",19.5916266033269,1
"1780",-2.0744075227052,1
"1781",8.80588659810953,1
"1782",8.86498941327007,0
"1783",7.09199153061606,0
"1784",10.8507470418426,0
"1785",7.80119068367766,0
"1786",2.73041673928718,0
"1787",29.3431149579239,0
"1788",0,0
"1789",9.75148835459708,0
"1790",3.54599576530803,0
"1791",13.5457038234767,0
"1792",4.78709428316584,0
"1793",-16.8434798852131,0
"1794",17.0207796734785,0
"1795",13.2974841199051,0
"1796",4.43249470663504,0
"1797",-20.1235259681231,0
"1798",4.43249470663504,0
"1799",17.0207796734785,0
"1800",1.15244862372511,0
"1801",4.37930477015542,0
"1802",-28.3679661224642,0
"1803",3.54599576530803,0
"1804",13.2974841199051,0
"1805",2.65949682398102,0
"1806",3.90059534183883,0
"1807",0.124109851785781,0
"1808",19.9639561586842,0
"1809",18.7051276619999,0
"1810",5.6704360459512,0
"1811",59.5727288571749,0
"1812",0,0
"1813",6.02819280102365,0
"1814",3.19139618877723,0
"1815",-0.177299788265401,0
"1816",6.80831186939142,0
"1817",-14.6272325318956,0
"1818",-1.32974841199051,0
"1819",-6.20549258928905,1
"1820",376.762050063978,1
"1821",4.78709428316584,1
"1822",14.1839830612321,1
"1823",42.5519405264801,1
"1824",-6.73739195408526,1
"1825",19.857576285725,1
"1826",1.71389831394956,1
"1827",0,1
"1828",70.5906467443009,1
"1829",-52.3034375382934,1
"1830",-97.5148835459708,1
"1831",6.20549258928905,1
"1832",25.3285408715853,1
"1833",-29.2544650637912,1
"1834",65.6009216581985,1
"1835",56.292682774265,1
"1836",34.7507585000187,1
"1837",15.9569809438861,1
"1838",32.002611781905,1
"1839",13.4747839081705,1
"1840",81.5579026020847,1
"1841",-1.45385826377629,1
"1842",134.747839081705,1
"1843",-16.5243402663354,1
"1844",0,1
"1845",-7.09199153061606,1
"1846",12.5882849668435,1
"1847",-12.7655847551089,1
"1848",50.5304396556394,1
"1849",48.7574417729854,1
"1850",9.21958898980088,1
"1851",19.3256769209288,1
"1852",-24.1127712040946,1
"1853",24.5686840177896,1
"1854",3.54599576530803,1
"1855",65.6009216581985,1
"1856",60.8138273750327,1
"1857",0,1
"1858",-49.2893411377816,1
"1859",0,1
"1860",-9.57418856633168,1
"1861",31.9139618877723,1
"1862",8.86498941327007,0
"1863",0,0
"1864",42.8533588237475,0
"1865",0,0
"1866",12.7655847551089,0
"1867",0,0
"1868",0,0
"1869",2.12759745918482,0
"1870",1.95029767091942,0
"1871",0,0
"1872",0,0
"1873",10.6379872959241,0
"1874",-3.29777606173647,0
"1875",62.6754751518194,0
"1876",2.27526630169589,0
"1877",4.43249470663504,0
"1878",0,0
"1879",0,0
"1880",-9.64510848163784,0
"1881",-8.15579026020847,0
"1882",-2.74814671811372,0
"1883",-1.77299788265401,0
"1884",0,0
"1885",0,0
"1886",-18.7405876196529,0
"1887",0,0
"1888",10.6379872959241,0
"1889",7.44659110714686,0
"1890",-30.229613899251,0
"1891",0,0
"1892",1.77299788265401,0
"1893",0,0
"1894",3.54599576530803,0
"1895",10.7857367587612,0
"1896",0,0
"1897",0,0
"1898",0,0
"1899",0,0
"1900",0.336869597704263,0
"1901",1.41839830612321,0
"1902",179.528692468838,0
"1903",1.41839830612321,0
"1904",3.54599576530803,0
"1905",0,0
"1906",0,0
"1907",0,0
"1908",-18.971077344398,0
"1909",-52.6580371148242,0
"1910",0,0
"1911",-37.2329555357343,0
"1912",0,0
"1913",0,0
"1914",0,0
"1915",38.4740540535921,0
"1916",0.709199153061606,0
"1917",-47.8709428316584,0
"1918",-0.992878814286248,0
"1919",-0.602819280102365,0
"1920",0,0
"1921",5.70905318214593,0
"1922",0,0
"1923",-16.577530202815,0
"1924",1.9857576285725,0
"1925",0.354599576530803,0
"1926",-1.24109851785781,0
"1927",11.7017860255165,0
"1928",-0.975148835459708,0
"1929",1.22336853903127,0
"1930",0,0
"1931",0.886498941327007,0
"1932",3.72329555357343,0
"1933",0,0
"1934",0,0
"1935",-6.20549258928905,0
"1936",79.075705566369,0
"1937",0,0
"1938",0,0
"1939",0,0
"1940",-0.531899364796204,1
"1941",-2.09213750153174,1
"1942",-3.54599576530803,1
"1943",-1.06379872959241,1
"1944",6.20549258928905,1
"1945",27.3928172870045,1
"1946",28.722565698995,1
"1947",-1.06379872959241,1
"1948",-9.57418856633168,1
"1949",16.3339247954908,1
"1950",0.886498941327007,1
"1951",-20.9213750153174,1
"1952",49.6439407143124,1
"1953",-1.50704820025591,1
"1954",7.09199153061606,1
"1955",-3.90059534183883,1
"1956",14.1839830612321,1
"1957",-5.31899364796204,1
"1958",-22.1624735331752,1
"1959",0,1
"1960",-4.07789513010423,1
"1961",-4.11335508775731,1
"1962",-27.3041673928718,1
"1963",11657.4610784501,1
"1964",4.43249470663504,1
"1965",40.6016515127769,1
"1966",0,1
"1967",2.48219703571562,1
"1968",-19.5029767091942,1
"1969",0,1
"1970",8.15579026020847,1
"1971",0,1
"1972",-2.30489724745022,1
"1973",69.1469174235066,1
"1974",18.084578403071,1
"1975",0,1
"1976",-20.0703360316434,1
"1977",2.65949682398102,1
"1978",46.0979449490044,1
"1979",0,1
"1980",96.6283846046438,1
"1981",2.12759745918482,1
"1982",8.51038983673927,1
"1983",0.886498941327007,1
"1984",8.86498941327007,1
"1985",-13.2974841199051,1
"1986",16.3115805204169,1
"1987",0,1
"1988",21.2759745918482,1
"1989",14.7158824260283,1
"1990",32.4458612525685,1
"1991",-0.886498941327007,1
"1992",0,1
"1993",0,1
"1994",-24.8219703571562,1
"1995",-10.6379872959241,1
"1996",20.3894756505212,1
"1997",16.8789398428662,1
"1998",0.443249470663504,1
"1999",0,1
"2000",17.0207796734785,1
"2001",0,1
"2002",0,1
"2003",-13.7407335905686,1
"2004",0,1
"2005",-21.2759745918482,1
"2006",-1.77299788265401,1
"2007",-10.6379872959241,1
"2008",-13.2974841199051,1
"2009",0,1
"2010",0,1
"2011",11.5244862372511,1
"2012",0,1
"2013",3.19139618877723,1
"2014",0,1
"2015",0,1
"2016",0,1
"2017",0,1
"2018",0,1
"2019",20.3894756505212,1
"2020",-7.09199153061606,1
"2021",0,1
"2022",-27.0382177104737,1
"2023",0,1
"2024",-0.531899364796204,1
"2025",-16.3115805204169,1
"2026",9.25898798083583,1
"2027",0,1
"2028",30.1409640051182,1
"2029",-23.0489724745022,1
"2030",10.1060879311279,1
"2031",0,1
"2032",0,1
"2033",-37.0556557474689,1
"2034",144.056077965639,1
"2035",-23.0489724745022,0
"2036",0,0
"2037",1374.42795863339,0
"2038",-1.06379872959241,0
"2039",0,0
"2040",-1.77299788265401,0
"2041",13.4139951001504,0
"2042",-2.30489724745022,0
"2043",-1.59569809438861,0
"2044",-36.1691568061419,0
"2045",-6.20549258928905,0
"2046",-43.7043978074215,0
"2047",0,0
"2048",-0.177299788265401,0
"2049",-1.86164777678672,0
"2050",5.3899135632682,0
"2051",0,0
"2052",12.5882849668435,0
"2053",-17.5526790382747,0
"2054",0,0
"2055",0,0
"2056",-1.06379872959241,0
"2057",-1.77299788265401,0
"2058",67.3739195408526,0
"2059",-9.13093909566818,0
"2060",28.3679661224642,0
"2061",0,0
"2062",17.7299788265401,0
"2063",-8.51038983673927,0
"2064",-63.0300747283502,0
"2065",34.0415593469571,0
"2066",-8.86498941327007,0
"2067",1.95029767091942,0
"2068",-0.531899364796204,0
"2069",3.54599576530803,0
"2070",0,0
"2071",-16.0127031161112,0
"2072",0,0
"2073",17.7299788265401,0
"2074",-11.258536554853,0
"2075",-2.21624735331752,0
"2076",0,0
"2077",0,0
"2078",-1.59569809438861,0
"2079",12.5882849668435,0
"2080",31.9139618877723,0
"2081",4.25519491836963,0
"2082",1.95029767091942,0
"2083",6.11684269515635,0
"2084",-5.93954290689095,0
"2085",23.9354714158292,0
"2086",0,0
"2087",-14.1839830612321,0
"2088",-9.75148835459708,0
"2089",2.05667754387866,0
"2090",85.1038983673927,0
"2091",0,0
"2092",-132.974841199051,0
"2093",42.1973496071655,0
"2094",-0.265949682398102,0
"2095",-35.6845366634484,0
"2096",-19.6920957619092,0
"2097",-0.141839830612321,0
"2098",0,0
"2099",5.85089301275825,0
"2100",-1.77299788265401,0
"2101",-11.8790858137819,0
"2102",-24.2191510770538,0
"2103",-4.78709428316584,0
"2104",0,0
"2105",-31.9139618877723,0
"2106",14.0953331670994,0
"2107",3.90059534183883,0
"2108",12.4109851785781,0
"2109",26.5949682398102,0
"2110",-2.2517073109706,0
"2111",10.7642830948064,0
"2112",0.265949682398102,0
"2113",11.5244862372511,0
"2114",-26.5949682398102,0
"2115",2.49191259662289,0
"2116",0.886498941327007,0
"2117",0,0
"2118",41.6654502423693,0
"2119",37.2329555357343,0
"2120",-7.09199153061606,0
"2121",-9.21958898980088,0
"2122",1.06379872959241,0
"2123",-6.20549258928905,0
"2124",7.09199153061606,0
"2125",-21.2759745918482,0
"2126",36.3464565944073,0
"2127",48.7574417729854,0
"2128",11.8790858137819,0
"2129",-3.04364564378804,0
"2130",-1.59569809438861,0
"2131",27.0635487251448,0
"2132",58.3316303393171,0
"2133",29.4317648520566,0
"2134",-14.1839830612321,0
"2135",-5.31899364796204,0
"2136",0,0
"2137",0,0
"2138",49.2893411377816,0
"2139",51.7715381734972,0
"2140",-90.7420316342325,0
"2141",-21.8078739566444,0
"2142",-21.4532743801136,0
"2143",28.3679661224642,0
"2144",10.6379872959241,0
"2145",-8.24444015434117,0
"2146",24.8219703571562,0
"2147",16.8789398428662,0
"2148",17.5526790382747,0
"2149",-2.28716726862368,0
"2150",0,0
"2151",-18.2618781913364,0
"2152",-1.24109851785781,0
"2153",-0.886498941327007,0
"2154",7.09199153061606,0
"2155",0,0
"2156",1.15244862372511,0
"2157",11.3117264913326,0
"2158",-3.28004608290993,0
"2159",-1.24109851785781,0
"2160",-6.38279237755445,0
"2161",-6.20549258928905,0
"2162",-9.11320911684163,0
"2163",-21.7192240625117,0
"2164",-3.36869597704263,0
"2165",-11.7017860255165,0
"2166",1.77299788265401,0
"2167",0,0
"2168",-3.17873176359369,0
"2169",-11.5295507087421,0
"2170",-5.40764354209474,0
"2171",-2.27956839708315,0
"2172",0,1
"2173",28.3679661224642,1
"2174",21.6837641048586,1
"2175",-1.32974841199051,1
"2176",0,1
"2177",1.77299788265401,1
"2178",15.4250815790899,1
"2179",-7.44659110714686,1
"2180",31.9139618877723,1
"2181",26.5949682398102,1
"2182",16.6129901604681,1
"2183",5.40764354209474,1
"2184",0,1
"2185",0,1
"2186",8.51038983673927,1
"2187",-1.59569809438861,1
"2188",-6.20549258928905,1
"2189",143.116389087832,1
"2190",34.3075090293552,1
"2191",-5.85089301275825,1
"2192",0,1
"2193",-8.86498941327007,1
"2194",-8.86498941327007,1
"2195",15.1414019178653,1
"2196",75.1160160665859,1
"2197",10.5670673806179,1
"2198",-11.3909053909164,1
"2199",-1.06379872959241,1
"2200",-1.11445534817451,1
"2201",35.4599576530803,1
"2202",8.42173994260657,1
"2203",-3.54599576530803,1
"2204",1.24109851785781,1
"2205",-85.1038983673927,1
"2206",1.32974841199051,1
"2207",-19.1483771326634,1
"2208",0,1
"2209",3.45734587117533,1
"2210",0,1
"2211",-30.1409640051182,1
"2212",-2.33404230694398,1
"2213",0,1
"2214",-7.80119068367766,1
"2215",4.25519491836963,1
"2216",-16.8966698216928,1
"2217",0,1
"2218",1.00469861981194,1
"2219",-7.09199153061606,1
"2220",-5.67359322449285,1
"2221",33.3323601938955,1
"2222",-7.44659110714686,1
"2223",0.886498941327007,1
"2224",-7.09199153061606,1
"2225",-1.77299788265401,1
"2226",0.472798713939719,1
"2227",21.2759745918482,1
"2228",6.52463220816677,1
"2229",8.86498941327007,1
"2230",184.391779796018,1
"2231",8.59903973087197,1
"2232",0.815579026020847,1
"2233",-31.4707124171088,1
"2234",-92.1958898980088,1
"2235",-4.07789513010423,1
"2236",26.5949682398102,1
"2237",54.6083347857437,1
"2238",14.1839830612321,1
"2239",-5.07077394439048,1
"2240",0.354599576530803,1
"2241",-39.6796926137968,1
"2242",-29.2544650637912,1
"2243",-3.19139618877723,1
"2244",-19.2902169632757,1
"2245",-17.8186287206728,1
"2246",-5.17715381734972,1
"2247",-0.212759745918482,1
"2248",24.5560206747581,1
"2249",30.9388130523126,1
"2250",42.5519491836964,1
"2251",73.756711918407,1
"2252",26.5949682398102,1
"2253",191.483771326634,1
"2254",-20.744075227052,1
"2255",-1.77299788265401,1
"2256",-1.77299788265401,1
"2257",107.390481752354,1
"2258",7.26929131888146,1
"2259",0,1
"2260",-1.77299788265401,1
"2261",3.19139618877723,1
"2262",-8.33309004847387,1
"2263",19.857576285725,1
"2264",7.88984057781037,1
"2265",0,1
"2266",21.2759745918482,1
"2267",-211.518647400624,1
"2268",-46.2922475099335,1
"2269",35.4599576530803,1
"2270",34.431618881141,1
"2271",-5.31899364796204,1
"2272",70.9199153061606,1
"2273",63.8279237755445,1
"2274",12.7655847551089,1
"2275",0,1
"2276",22.5879930250121,1
"2277",-10.6379872959241,1
"2278",-12.9428845433743,1
"2279",0,1
"2280",0,1
"2281",276.410369905761,1
"2282",1870.51276619999,1
"2283",24.8219703571562,1
"2284",189.444823761581,1
"2285",332.044515556306,1
"2286",-7.09199153061606,1
"2287",191.313760914429,1
"2288",21.2168761052957,1
"2289",-2.61221651972624,0
"2290",0,1
"2291",42.5519491836964,1
"2292",28.0133665459334,1
"2293",96.0964852398476,1
"2294",-28.3679661224642,1
"2295",135.457038234767,1
"2296",0,1
"2297",-56.7684833779303,1
"2298",0,1
"2299",23.9354714158292,1
"2300",0,1
"2301",36.6124062768054,1
"2302",0,1
"2303",585.089301275825,1
"2304",56.0267330918669,1
"2305",0,1
"2306",-4.30585207802775,1
"2307",0,1
"2308",-0.265949682398102,1
"2309",852.102782403519,1
"2310",0,1
"2311",-163.595484240703,1
"2312",574.185364297503,1
"2313",23.0489724745022,1
"2314",-0.656009216581985,1
"2315",-14.8754522354672,1
"2316",-84.9265985791273,1
"2317",-31.9139618877723,1
"2318",10.6379872959241,1
"2319",0,1
"2320",-5.31899364796204,1
"2321",23.0489724745022,1
"2322",-1.15244862372511,1
"2323",74.412721134989,1
"2324",12.4109851785781,1
"2325",21.2759745918482,1
"2326",13.7899834115143,1
"2327",-10.1060879311279,1
"2328",-0.544043139585272,1
"2329",9.52099862985206,1
"2330",-13.0669943951601,1
"2331",19.4143268150615,1
"2332",19.9683280528773,1
"2333",46.9844438903314,1
"2334",-1.17017860255165,1
"2335",56.2572228166119,1
"2336",-12.4109851785781,1
"2337",51.239638808701,1
"2338",0,1
"2339",109.242000586158,1
"2340",29.0771652755258,1
"2341",22.1624735331752,1
"2342",12.8542346492416,1
"2343",7.97849047194307,1
"2344",78.8984057781037,1
"2345",46.0979449490044,1
"2346",-0.531899364796204,1
"2347",-4.87574417729854,1
"2348",-1.06379872959241,1
"2349",64.7144227168715,1
"2350",69.5015170000374,0
"2351",0,0
"2352",0,0
"2353",48.9347415612508,0
"2354",36.3464565944073,0
"2355",14.1839830612321,0
"2356",10.9925868724549,0
"2357",-0.354599576530803,0
"2358",35.4599576530803,0
"2359",53.1899364796204,0
"2360",0,0
"2361",-1.24109851785781,0
"2362",-21.2759745918482,0
"2363",10.6379872959241,0
"2364",17.1980794617439,0
"2365",55.8494333036015,0
"2366",49.1120413495162,0
"2367",9.75148835459708,0
"2368",38.4740540535921,0
"2369",34.2188591352225,0
"2370",42.5519491836964,0
"2371",-1.77299788265401,0
"2372",-9.21958898980088,0
"2373",5.49629343622744,0
"2374",152.477817908245,0
"2375",11.5244862372511,0
"2376",115.067562584246,0
"2377",37.2329555357343,0
"2378",0,0
"2379",180.592491198431,0
"2380",-50.7077394439048,0
"2381",-17.7299788265401,0
"2382",12.4109851785781,0
"2383",28.3679661224642,0
"2384",21.2759745918482,0
"2385",-0.443249470663504,0
"2386",-86.2859027273062,0
"2387",12.4109851785781,0
"2388",-9.75148835459708,0
"2389",1485.24032629927,0
"2390",27.836066757668,0
"2391",34.5734587117533,0
"2392",33.6869597704263,0
"2393",25.7084692984832,0
"2394",64.7144227168715,0
"2395",23.0489724745022,0
"2396",-2.80133665459334,0
"2397",8.91817934974969,0
"2398",3.61691568061419,0
"2399",5.67359322449285,0
"2400",43.4384481250234,0
"2401",15.9569809438861,0
"2402",149.818321084264,0
"2403",2.18433333732214,0
"2404",-11.8790858137819,0
"2405",105.493374017914,0
"2406",270.559476893003,0
"2407",79.7849047194307,0
"2408",0,0
"2409",60.2819280102365,0
"2410",-59.7779568249786,0
"2411",17.7299788265401,0
"2412",21.2759745918482,0
"2413",2.65949682398102,0
"2414",0,0
"2415",18.084578403071,0
"2416",50.5304396556394,0
"2417",58.5089301275825,0
"2418",0,0
"2419",68.7923178469758,0
"2420",1.59569809438861,0
"2421",-16.8434798852131,0
"2422",9.75148835459708,0
"2423",1.06379872959241,0
"2424",-48.4028421964546,0
"2425",2.44673707806254,0
"2426",12.7655847551089,0
"2427",-25.7084692984832,0
"2428",42.5519491836964,0
"2429",37.2329555357343,0
"2430",26.5949682398102,0
"2431",78.7211059898383,0
"2432",21.0986748035828,0
"2433",10.9925868724549,0
"2434",116.8405604669,0
"2435",12.5882849668435,0
"2436",89.5363930740277,0
"2437",23.0489724745022,0
"2438",-19.6802764974596,0
"2439",36.5237563826727,0
"2440",8.68768962500467,0
"2441",24.8219703571562,0
"2442",6.20549258928905,0
"2443",30.229613899251,0
"2444",-36.3464565944073,0
"2445",10.6379872959241,0
"2446",10.6379872959241,0
"2447",-20.6731553117458,0
"2448",11.8258958773023,0
"2449",93.5535664895376,0
"2450",50.5304396556394,0
"2451",-90.2455922270893,0
"2452",33.1550604056301,0
"2453",-34.2188591352225,0
"2454",-23.9354714158292,0
"2455",0.886498941327007,0
"2456",-170.385096523051,0
"2457",0,0
"2458",28.3679661224642,0
"2459",658.592737676385,0
"2460",0,0
"2461",33.5687584687133,0
"2462",9.48553867219898,0
"2463",-58.6862299158479,0
"2464",-8.90044937092315,0
"2465",13.7166892546588,0
"2466",854.382400579596,0
"2467",0,0
"2468",425.519491836963,0
"2469",25.7464614918818,0
"2470",7.83665064133074,0
"2471",95.5645858750514,0
"2472",-29.2544650637912,0
"2473",43.9703474898196,0
"2474",5.67359322449285,0
"2475",0,0
"2476",21.2759745918482,1
"2477",-35.4599576530803,1
"2478",7.32248125536108,1
"2479",21.2140408669824,1
"2480",0.354599576530803,1
"2481",19.5029767091942,1
"2482",18.084578403071,1
"2483",15.0882119813857,1
"2484",-184.657729478416,1
"2485",12.2336853903127,1
"2486",-9.48432666192763,1
"2487",-234.255232884903,1
"2488",65.2640520604943,1
"2489",4.04243517245115,1
"2490",0,1
"2491",1.77299788265401,1
"2492",-6.73739195408526,1
"2493",6.91469174235066,1
"2494",-8.86498941327007,1
"2495",0,1
"2496",7.09199153061606,1
"2497",5.67359322449285,1
"2498",11.1344267030672,1
"2499",3.54599576530803,1
"2500",-0.904228920153547,1
"2501",3.63464565944073,1
"2502",20.9213750153174,1
"2503",19.2370270267961,1
"2504",24.4673707806254,1
"2505",19.857576285725,1
"2506",79.7849047194307,1
"2507",-3.97151525714499,1
"2508",-0.531899364796204,1
"2509",-16.4888803086823,1
"2510",6.20549258928905,1
"2511",-27.6292155618224,1
"2512",77.6573072602458,1
"2513",26.5949682398102,1
"2514",-2.21624735331752,1
"2515",3.98924523597153,1
"2516",-55.3236026473782,1
"2517",4.43249470663504,1
"2518",-2.99709471000012,1
"2519",7.09199153061606,1
"2520",0.709199153061606,1
"2521",17.3753792500093,1
"2522",4.60979449490044,1
"2523",22.0738236390425,1
"2524",-37.2329555357343,1
"2525",-17.1980794617439,1
"2526",-15.0704820025591,1
"2527",-3.54599576530803,1
"2528",-9.75148835459708,1
"2529",-0.177299788265401,1
"2530",-8.15579026020847,1
"2531",-8.86498941327007,1
"2532",-43.4384481250234,1
"2533",35.4599576530803,1
"2534",102.833877193933,1
"2535",21.2759745918482,1
"2536",74.4659110714686,1
"2537",5.31899364796204,1
"2538",0,1
"2539",12.2336853903127,1
"2540",0,1
"2541",-22.517073109706,1
"2542",-52.4807373265588,1
"2543",5.31899364796204,1
"2544",26.5949682398102,1
"2545",-1.73753792500093,1
"2546",-11.2053466183734,1
"2547",4.45022468546158,1
"2548",18.7937775561326,1
"2549",13.7045453446007,1
"2550",42.8178988660945,1
"2551",9.75148835459708,1
"2552",46.0979449490044,1
"2553",0.886498941327007,1
"2554",-14.804532320161,1
"2555",29.6892153124269,1
"2556",-0.319139618877723,1
"2557",0,1
"2558",7.68299100519273,1
"2559",20.3894756505212,1
"2560",-8.59903973087197,1
"2561",-46.0624849913513,1
"2562",-0.443249470663504,0
"2563",2.03894756505212,0
"2564",16.9143998005193,0
"2565",7.09199153061606,0
"2566",6.43598231403407,0
"2567",11.5244862372511,0
"2568",-0.283679661224642,0
"2569",21.678907406557,0
"2570",-17.6945188688871,0
"2571",41.4881504541039,0
"2572",5.85089301275825,0
"2573",7.80119068367766,0
"2574",3.10274629464453,0
"2575",15.4007937589738,0
"2576",25.7084692984832,0
"2577",2.65949682398102,0
"2578",4.07789513010423,0
"2579",-78.2069366038686,0
"2580",7.09199153061606,0
"2581",7.09199153061606,0
"2582",11.9677357079146,1
"2583",-24.8219703571562,1
"2584",-1.50704820025591,1
"2585",63.6506239872791,1
"2586",5.31899364796204,1
"2587",5.85089301275825,1
"2588",1.57796811556207,1
"2589",6.91469174235066,1
"2590",-3.90059534183883,1
"2591",7.09199153061606,1
"2592",-11.2799090574057,1
"2593",15.9569809438861,1
"2594",0,1
"2595",11.1698866607203,1
"2596",12.5882849668435,1
"2597",30.6728633699145,1
"2598",-50.1403801214555,1
"2599",-8.06714036607577,1
"2600",1.77299788265401,1
"2601",27.7651468423619,1
"2602",14.1839830612321,1
"2603",8.86498941327007,1
"2604",18.1535288016862,1
"2605",17.464029144142,1
"2606",13.5279738446501,1
"2607",8.86498941327007,0
"2608",0,0
"2609",0,0
"2610",2.83679661224642,0
"2611",-7.80119068367766,0
"2612",0.531899364796204,0
"2613",83.4195503788714,0
"2614",28.2970462071581,0
"2615",0,0
"2616",0,0
"2617",-10.6379872959241,0
"2618",-0.106379872959241,0
"2619",-0.638279237755445,0
"2620",-3.15593623112415,0
"2621",0,0
"2622",0,0
"2623",-1.86164777678672,1
"2624",-0.886498941327007,1
"2625",8.12033030255539,1
"2626",52.9062568183958,1
"2627",37.4279853028263,1
"2628",17.810127334341,1
"2629",2.39354714158292,1
"2630",0,1
"2631",30.3182637933837,1
"2632",-0.585089301275825,1
"2633",2.62994649855278,1
"2634",4.78709428316584,1
"2635",5.05304396556394,1
"2636",-264.123494578969,1
"2637",6.20549258928905,1
"2638",-0.948189587793477,1
"2639",0.354599576530803,1
"2640",5.31899364796204,1
"2641",1.77299788265401,1
"2642",6.20549258928905,1
"2643",3.01409640051182,1
"2644",29.148085190832,1
"2645",0,1
"2646",10.3188476770464,1
"2647",52.3034375382934,1
"2648",86.096777181679,1
"2649",13.1201843316397,1
"2650",6.56009216581985,1
"2651",-77.4017981806138,1
"2652",-38.0308045829286,1
"2653",7.44659110714686,1
"2654",0.886498941327007,1
"2655",-12.6946648398027,1
"2656",-3.08501631581799,1
"2657",-4.43249470663504,1
"2658",3.54599576530803,1
"2659",6.77285191173834,1
"2660",0.0886498941327007,1
"2661",4.43249470663504,1
"2662",8.79406949796391,1
"2663",5.31899364796204,1
"2664",2.12759745918482,1
"2665",34.006099389304,1
"2666",1.41839830612321,1
"2667",24.29007099236,1
"2668",68.2604184821796,1
"2669",1.41839830612321,1
"2670",3.90059534183883,1
"2671",46.9844438903314,1
"2672",10.9039369783222,0
"2673",13.5634338023032,0
"2674",15.9569809438861,0
"2675",16.6661800969477,0
"2676",-0.354599576530803,0
"2677",18.2796081701629,0
"2678",-2.41127712040946,0
"2679",22.2511234273079,0
"2680",-13.2974841199051,0
"2681",19.6802764974596,0
"2682",11.3471864489857,0
"2683",13.918033378834,0
"2684",-7.09199153061606,0
"2685",-1.54250815790899,0
"2686",-5.14169385969664,0
"2687",0,0
"2688",210.986748035828,0
"2689",17.2867293558766,0
"2690",15.7796811556207,0
"2691",17.3753792500093,0
"2692",18.4037180219487,0
"2693",8.86498941327007,0
"2694",5.31899364796204,0
"2695",3.84351939742671,0
"2696",-4.46795466428812,0
"2697",7.44659110714686,0
"2698",-6.59628041178777,0
"2699",-0.354599576530803,0
"2700",-1.17017860255165,0
"2701",6.01046282219711,0
"2702",3.84400528368728,0
"2703",-5.56769815564214,0
"2704",4.25519491836963,0
"2705",4.50948657697023,0
"2706",4.02470519362461,0
"2707",28.4388860377704,0
"2708",3.67010561709381,0
"2709",11.258536554853,0
"2710",53.207666458447,0
"2711",6.59895224514487,0
"2712",23.0489724745022,0
"2713",54.0764354209474,0
"2714",12.4109851785781,0
"2715",8.65222966735159,0
"2716",43.1846445169874,0
"2717",18.8824274502653,0
"2718",-35.4244976954272,0
"2719",0.443249470663504,0
"2720",15.9747109227127,0
"2721",-27.8597052865674,0
"2722",62.4095254694213,0
"2723",19.5029767091942,0
"2724",7.86029025238212,0
"2725",54.6083347857437,0
"2726",22.6943728979714,0
"2727",13.2974841199051,0
"2728",30.495563581649,0
"2729",10.2833877193933,0
"2730",78.8984057781037,0
"2731",26.7722680280756,0
"2732",3.90059534183883,0
"2733",29.2544650637912,0
"2734",-24.7333204630235,0
"2735",18.350528085469,0
"2736",-28.9707854025666,0
"2737",-5.49629343622744,0
"2738",-20.2121758622558,0
"2739",6.20549258928905,0
"2740",7.80119068367766,0
"2741",6.20549258928905,0
"2742",3.36626762789182,0
"2743",1.47158824260283,0
"2744",8.06714036607577,0
"2745",17.7299788265401,0
"2746",42.5519491836964,0
"2747",47.8709428316584,0
"2748",-18.6164777678672,0
"2749",-6.56009216581985,0
"2750",334.919300033343,0
"2751",42.9065487602272,0
"2752",-5.05304396556394,0
"2753",31.5593623112415,0
"2754",31.9139618877723,0
"2755",30.5735737570426,0
"2756",29.8750143227201,0
"2757",0,0
"2758",-2.21624735331752,0
"2759",-10.6379872959241,0
"2760",16.3825004357231,0
"2761",59.2181292806441,0
"2762",4.96439407143124,0
"2763",4.69844438903314,0
"2764",7.09199153061606,0
"2765",17.7299788265401,0
"2766",43.4384481250234,0
"2767",6.20549258928905,0
"2768",-14.1839830612321,0
"2769",13.1201843316397,0
"2770",2.94317648520566,0
"2771",-35.4599576530803,1
"2772",12.0563856020473,1
"2773",44.8568464311466,1
"2774",10.2833877193933,1
"2775",37.7648549005305,1
"2776",-11.7017860255165,1
"2777",0,1
"2778",0,1
"2779",15.0704820025591,1
"2780",8.51038983673927,1
"2781",14.4853927012833,1
"2782",13.8293834847013,1
"2783",14.1839830612321,1
"2784",51.0623390204356,1
"2785",-5.31899364796204,1
"2786",0.177299788265401,1
"2787",10.6379872959241,1
"2788",69.1469174235066,1
"2789",110.652797856437,1
"2790",74.838240626826,1
"2791",6.20549258928905,1
"2792",8.42173994260657,1
"2793",15.9569809438861,1
"2794",7.62389089541226,1
"2795",1.41839830612321,1
"2796",7.97849047194307,1
"2797",18.7937775561326,1
"2798",16.577530202815,1
"2799",3.54599576530803,1
"2800",6.77285191173834,1
"2801",21.9408487978434,1
"2802",24.4319108229723,1
"2803",17.7299788265401,1
"2804",14.1839830612321,1
"2805",1.06379872959241,1
"2806",19.0991262295656,1
"2807",35.2826578648149,1
"2808",46.0979449490044,1
"2809",-1.37308860071139,1
"2810",2.74814671811372,1
"2811",13.2974841199051,1
"2812",-0.407789513010423,1
"2813",58.3316303393171,1
"2814",3.54599576530803,1
"2815",30.495563581649,1
"2816",-5.05304396556394,1
"2817",-13.9534933364871,1
"2818",28.6161858260358,1
"2819",7.83665064133074,1
"2820",91.3093909566818,1
"2821",3.26231610408339,1
"2822",0,1
"2823",4.96439407143124,1
"2824",41.6654502423693,1
"2825",3.63464565944073,1
"2826",10.9925868724549,1
"2827",-4.11019790921566,1
"2828",10.6379872959241,1
"2829",-0.159569809438861,1
"2830",-163.825004357231,1
"2831",-2.12759745918482,1
"2832",0,1
"2833",61.4875665704412,1
"2834",56.3104127530915,1
"2835",16.6661800969477,1
"2836",82.0898019668809,1
"2837",6.73739195408526,1
"2838",17.5526790382747,1
"2839",0,1
"2840",-4.99985402908432,1
"2841",-1.24109851785781,1
"2842",-2.65949682398102,1
"2843",9.04228920153547,1
"2844",1.15244862372511,1
"2845",-19.7334664339392,1
"2846",11.5244862372511,1
"2847",-23.403572051033,1
"2848",14.8931822142937,1
"2849",0,1
"2850",-0.957418856633168,1
"2851",0,1
"2852",-5.85089301275825,1
"2853",7.09199153061606,0
"2854",15.9569809438861,0
"2855",80.3168040842269,0
"2856",16.9498597581724,0
"2857",0,0
"2858",207.352102376387,0
"2859",0,0
"2860",44.1835920398466,0
"2861",11.7377318694301,0
"2862",-5.85089301275825,0
"2863",11.8396846584429,0
"2864",17.3753792500093,0
"2865",-289.885153813931,0
"2866",-4.6962584419366,0
"2867",12.7655847551089,0
"2868",61.3457267398289,0
"2869",10.756186433333,0
"2870",6.02819280102365,0
"2871",36.7035884066836,0
"2872",10.6379872959241,0
"2873",10.6379872959241,0
"2874",4.52114460076774,0
"2875",-13.971547960922,0
"2876",16.1342807321515,0
"2877",11.1698866607203,0
"2878",26.5949682398102,0
"2879",27.2155174987391,0
"2880",0,0
"2881",14.1839830612321,0
"2882",3.36869597704263,0
"2883",6.73739195408526,0
"2884",7.09199153061606,0
"2885",0,0
"2886",-7.26929131888146,0
"2887",10.8152870841895,0
"2888",8.51038983673927,0
"2889",58.6153100005417,0
"2890",3.54599576530803,0
"2891",-0.496439407143124,0
"2892",20.9213750153174,0
"2893",2.32262722627676,0
"2894",3.54599576530803,0
"2895",7.09199153061606,0
"2896",16.6129901604681,0
"2897",43.8994275745134,0
"2898",11.5067562584246,0
"2899",-19.5029767091942,0
"2900",10.6379872959241,0
"2901",-5.67359322449285,0
"2902",-9.48553867219898,0
"2903",1.77299788265401,0
"2904",7.96667120749339,0
"2905",0.620549258928905,0
"2906",32.6586209984869,0
"2907",33.6869597704263,1
"2908",0,1
"2909",26.5949682398102,1
"2910",1.77299788265401,1
"2911",35.4599576530803,1
"2912",40.4243517245115,1
"2913",7.09199153061606,1
"2914",17.8186287206728,1
"2915",15.655571303835,1
"2916",-1.38293834847013,1
"2917",11.7549759619961,1
"2918",16.8434798852131,1
"2919",56.7359322449285,1
"2920",17.7299788265401,1
"2921",15.2477817908245,1
"2922",-17.7299788265401,1
"2923",-1.36520836964359,1
"2924",3.36869597704263,1
"2925",0,1
"2926",0.886498941327007,1
"2927",31.9139618877723,1
"2928",-21.2227846553686,1
"2929",35.6904473778253,1
"2930",-13.1201843316397,1
"2931",-10.6379872959241,1
"2932",7.8189206625042,1
"2933",-2.97863644285874,1
"2934",0,1
"2935",16.1342807321515,1
"2936",13.2974841199051,1
"2937",47.8709428316584,1
"2938",8.91817934974969,1
"2939",-11.3814322320634,1
"2940",-14.343552870671,1
"2941",0.425519491836963,1
"2942",-1.02833877193933,1
"2943",5.31899364796204,1
"2944",-1.41839830612321,1
"2945",4.07789513010423,1
"2946",26.8609179222083,1
"2947",14.6626924895487,1
"2948",-1.77299788265401,1
"2949",23.2262722627676,1
"2950",11.1698866607203,1
"2951",29.0771652755258,1
"2952",103.986325817658,1
"2953",9.21958898980088,1
"2954",31.577092290068,1
"2955",3.98924523597153,1
"2956",-2.65949682398102,1
"2957",4.87574417729854,1
"2958",0,1
"2959",-1.77299788265401,1
"2960",2.429007099236,1
"2961",5.54948337270707,1
"2962",8.06714036607577,1
"2963",0.886498941327007,1
"2964",1.59569809438861,1
"2965",-2.83679661224642,1
"2966",8.51038983673927,1
"2967",30.2118839204244,1
"2968",14.9818321084264,1
"2969",-1.17017860255165,1
"2970",5.67359322449285,1
"2971",20.0348760739904,1
"2972",65.157672187535,1
"2973",16.5243402663354,1
"2974",-7.97849047194307,1
"2975",4.60979449490044,1
"2976",-1.30019862763828,1
"2977",4.79694403092458,1
"2978",13.1201843316397,1
"2979",0,1
"2980",-2.30489724745022,1
"2981",3.54599576530803,1
"2982",0,1
"2983",10.6379872959241,1
"2984",14.1839830612321,1
"2985",3.54599576530803,1
"2986",10.8152870841895,1
"2987",9.60964852398476,1
"2988",10.1060879311279,1
"2989",49.3779910319143,1
"2990",18.6164777678672,1
"2991",18.7937775561326,1
"2992",9.25504894745396,1
"2993",-3.54599576530803,1
"2994",-9.39688877806628,1
"2995",21.0986748035828,0
"2996",8.29763009082079,0
"2997",5.95727288571749,0
"2998",-62.5868252576867,0
"2999",3.54599576530803,0
"3000",16.1342807321515,0
"3001",0,0
"3002",-4.36157479132888,0
"3003",0,0
"3004",-9.23731896862742,0
"3005",25.4602495949116,0
"3006",10.5493374017914,0
"3007",1.40066832729667,0
"3008",-1.59569809438861,0
"3009",30.495563581649,0
"3010",17.7299788265401,0
"3011",-0.372329555357343,0
"3012",15.0882119813857,0
"3013",-16.6661800969477,0
"3014",2.48219703571562,0
"3015",9.21958898980088,0
"3016",0.921958898980088,0
"3017",5.08850392321702,0
"3018",33.9529094528244,0
"3019",15.7796811556207,0
"3020",37.0706284029281,0
"3021",-6.71966197525872,0
"3022",50.353139867374,0
"3023",4.43249470663504,0
"3024",33.6869597704263,0
"3025",88.6853540903538,0
"3026",7.97849047194307,0
"3027",78.80469141248,0
"3028",1.73753792500093,0
"3029",2.10986748035828,0
"3030",1.05942697066834,0
"3031",168.292959021519,0
"3032",-1.77299788265401,0
"3033",180.84578403071,0
"3034",0,0
"3035",79.696254825298,0
"3036",-25.602089425524,0
"3037",4.34384481250234,0
"3038",3.22685614643031,0
"3039",-162.406606051108,0
"3040",0,0
"3041",19.857576285725,0
"3042",5.31899364796204,0
"3043",0,0
"3044",9.48553867219898,0
"3045",11.4854811495543,0
"3046",12.7655847551089,0
"3047",-3.54599576530803,0
"3048",30.1409640051182,0
"3049",-2.26943728979714,0
"3050",2.76587669694026,0
"3051",6.38279237755445,0
"3052",7.0210716153099,0
"3053",-0.212759745918482,0
"3054",8.86498941327007,0
"3055",-21.2759745918482,0
"3056",0.780119068367766,0
"3057",-4.96439407143124,0
"3058",3.31550604056301,0
"3059",15.9569809438861,0
"3060",7.97849047194307,0
"3061",10.4606875076587,0
"3062",-17.1980794617439,0
"3063",0,0
"3064",0,0
"3065",13.1201843316397,0
"3066",15.6023813673553,0
"3067",-16.772559969907,0
"3068",12.4109851785781,0
"3069",15.9569809438861,0
"3070",-140.066832729667,0
"3071",26.5949682398102,0
"3072",-0.177299788265401,0
"3073",-3.54599576530803,0
"3074",28.5452659107296,0
"3075",13.2974841199051,0
"3076",1.95029767091942,0
"3077",-1.32974841199051,0
"3078",8.86498941327007,0
"3079",13.1201843316397,0
"3080",22.2156634696548,0
"3081",13.2974841199051,0
"3082",20.1589859257761,0
"3083",3.54599576530803,0
"3084",10.5335769396558,0
"3085",21.8787938719505,0
"3086",1.95029767091942,0
"3087",24.8574303148093,0
"3088",-1.15244862372511,0
"3089",20.5667754387866,0
"3090",12.4109851785781,0
"3091",35.1053580765495,0
"3092",8.95363930740277,0
"3093",17.7299788265401,0
"3094",16.8434798852131,0
"3095",10.1440812066785,0
"3096",2.12759745918482,0
"3097",11.3471864489857,0
"3098",4.53887457959428,0
"3099",-1.95029767091942,0
"3100",7.18064142474876,0
"3101",2.12759745918482,0
"3102",-3.31550604056301,0
"3103",5.31899364796204,0
"3104",30.5487535181287,0
"3105",2.64176684515448,0
"3106",4.69844438903314,0
"3107",0,0
"3108",20.6199653752662,0
"3109",-10.6379872959241,0
"3110",87.5035142175486,0
"3111",-5.73649818080372,0
"3112",0,0
"3113",28.722565698995,0
